{
	"dps": 0.015,
	"purmax": 90.0,
	"regions": [
        [970.0, 0.00150, 1.0000],
        [700.0, 0.00150, 0.0250],
        [500.0, 0.00225, 0.1000],
		[90.0, 0.00250, 0.1625],
		[40.0, 0.0080, 1.0000],
		[3.0, 0.1000, 1.0000]
	]
}