{
	"dps": 0.015,
	"purmax": 90.0,
	"regions": [
        [970.0, 0.00150, 0.150],
        [700.0, 0.00250, 0.0320],
        [500.0, 0.0320, 10.0670],
		[90.0, 0.070, 10.1423],
		[40.0, 0.162, 11.0000],
		[3.0, 0.162, 11.0000]
	]
}